Title,Rating,Reviews,Phone,WhatsApp,Instagram,Facebook,Industry,Address,Website,Image,Amenities,Pitch,Latitude,Longitude,Google Maps Link
Frendz Hostel El Nido,4.5,(757),09293487999,https://wa.me/09293487999,https://www.instagram.com/frendzhostel/,https://www.facebook.com/frendzhostelelnido/,,"Osmena St, Masagana Pob. (Barangay 3), El Nido, 5313 Palawan",https://frendzresorthostels.com/el-nido/,https://lh3.googleusercontent.com/gps-cs-s/APNQkAEkqasfj43R45JzUXeW4yc5CuH7GvXXNtEz-E5v1F7rxefSFkM9IoYRRHc_NcBnjPeY-7WTlyjJhXlWbpmvMOe1VhRNR-SQl-SvePQQr5tQmUuC2J1qGLvZBJrAtmOg5uvu6LY_=w2048-h1536-k-no,"Free Wi-Fi, Free breakfast, Air-conditioned, Pool, Outdoor pool, Fitness center, Free parking, Airport shuttle, Pet-friendly, Smoke-free, Restaurant, Bar, Laundry service, Laundry, Beachfront",,11.1812087,119.3918747,https://www.google.com/maps/place/Frendz+Hostel+El+Nido/data=!4m11!3m10!1s0x33b655d63691e6c1:0xcd00b08c26c4a858!5m3!1s2026-10-31!4m1!1i2!8m2!3d11.1812087!4d119.3918747!16s%2Fg%2F11h3fth6cl!19sChIJweaRNtZVtjMRWKjEJoywAM0?authuser=0&hl=en&rclk=1
Outpost Beach Hostel,4.5,(641),09692414223,https://wa.me/09692414223,https://www.instagram.com/outposthostels/,https://www.facebook.com/outposthostels/,,"Outpost Beach Hostel Sitio Lugadia BRGY, Corong-corong Pob. (Barangay 4), El Nido, 5313 Palawan",https://outposthostels.com/,https://lh3.googleusercontent.com/gps-cs-s/APNQkAER4WuiApQMska-MNPsUEsmvTWZermz1Q5pUyTac_-0zAHB1BOKA91iHPykJIXLIRVO0IqaDgPRSwlW2xdR4wcjL8Ez65tPp3ufhPBZuXEyByprVLOUwvRITFJ5K1Rx_LxHxcvt5g=w2048-h1536-k-no,"Free Wi-Fi, Breakfast, Air-conditioned, Pool, Fitness center, Airport shuttle, Pet-friendly, Restaurant, Bar, Beach access, Kid-friendly",,11.1574869,119.3979511,https://www.google.com/maps/place/Outpost+Beach+Hostel/data=!4m11!3m10!1s0x33b6559ee370d0a5:0x78be6d8c7c210444!5m3!1s2026-10-31!4m1!1i2!8m2!3d11.1574869!4d119.3979511!16s%2Fg%2F11g69z33n9!19sChIJpdBw455VtjMRRAQhfIxtvng?authuser=0&hl=en&rclk=1
Bangka hostels,3.7,(83),09651547804,https://wa.me/09651547804,https://www.instagram.com/aquanautelnido/,https://www.facebook.com/Aquanautelnido,,"C. Hama, Masagana, El Nido, 5313 Palawan",https://www.aquanautelnido.com/diving-accommodation-package/,https://lh3.googleusercontent.com/gps-cs-s/APNQkAFdfyELAszjjc1aeXMOJ7oyi0POuZRIm8qdBiqUnld6eAqfNkmTtXrIeWxbQ2tdvAF6ucBaB9N0baCebMdirrdOEfYKWMBaxdk2qHurmeRebSCLBlQYIUKDBjx52LA5j5TcbLqDEYuWS9E=w2048-h1536-k-no,"Free Wi-Fi, Breakfast, Air-conditioned, Pool, Fitness center, Free parking, Airport shuttle, Pet-friendly, Smoke-free, Restaurant, Bar, Beach access",,11.1815162,119.3913413,https://www.google.com/maps/place/Bangka+hostels/data=!4m11!3m10!1s0x33b6553fb086aaab:0x37c39cb1a76a6d94!5m3!1s2026-10-31!4m1!1i2!8m2!3d11.1815162!4d119.3913413!16s%2Fg%2F11jt3wn5dk!19sChIJq6qGsD9VtjMRlG1qp7Gcwzc?authuser=0&hl=en&rclk=1
Happiness Hostel,4.7,(258),09162645952,https://wa.me/09162645952,https://www.instagram.com/happinessphboracay/,https://www.facebook.com/profile.php?id=61553831526678,,"Serena St, Buena Suerte Pob. (Barangay 2), El Nido, Palawan",https://happinessphilippines.com/,https://lh3.googleusercontent.com/gps-cs-s/APNQkAF5mFbVO3nfgJL8KRseLIrb7cnk7qCvfhJNvp5waxXkxfccCdXZodBpec5LzOz010o6yE0x1bgOUroLyeuCib7Y1kox3iDu_CxJ3ywEULhK4begcHVa9acw2bTlJ4oZ0X1WMtqgLP0I5K5R=w2048-h1536-k-no,"Free Wi-Fi, Breakfast, Air-conditioned, Pool, Fitness center, Parking, Airport shuttle, Pet-friendly, Restaurant, Bar, Laundry service, Laundry, Beach access, Accessible",,11.1802241,119.3883027,https://www.google.com/maps/place/Happiness+Hostel/data=!4m11!3m10!1s0x33b655d331232539:0x1011fdf3c4784609!5m3!1s2026-10-31!4m1!1i2!8m2!3d11.1802241!4d119.3883027!16s%2Fg%2F11fhvmhx_b!19sChIJOSUjMdNVtjMRCUZ4xPP9ERA?authuser=0&hl=en&rclk=1
Blau Hostel,4.6,(34),09082022497,https://wa.me/09082022497,https://www.instagram.com/blauhostelelnido,https://www.facebook.com/61581951603037,,"Amboy St, El Nido, 5313 Palawan",,https://lh3.googleusercontent.com/gps-cs-s/APNQkAGzQK2Jda06AGn1VWXEsHeIrQs4Mmg_O_oR0D2vQgmHuLXwKlZ7NjMy-HZ1sPfLjohgngk6nREH3hUW2uyB7pTnIYXQdbNsETnMjy2EGRKSYggRQXBsH3hlewwz-LQnA5BgAPa6YGxyKP8=w2048-h1536-k-no,,,11.178662,119.3918314,https://www.google.com/maps/place/Blau+Hostel/data=!4m11!3m10!1s0x33b655422184f155:0x78dd4d8621a4cdf3!5m3!1s2026-10-31!4m1!1i2!8m2!3d11.178662!4d119.3918314!16s%2Fg%2F11xt709tvp!19sChIJVfGEIUJVtjMR882kIYZN3Xg?authuser=0&hl=en&rclk=1
"Pugad Hostel, El Nido Palawan",4.6,(49),09096238053,https://wa.me/09096238053,,https://www.facebook.com/PugadHostelElnido,,"Amboy St, El Nido, 5313 Palawan",,https://lh3.googleusercontent.com/gps-cs-s/APNQkAE7luv0RokGLxUjrlLwM-DaTeKjcfxs-_aWp3NWeKRm0wbWVz-BKmDu3wzLXP_ophdQ-8ituPTEyeCdIvSQZ-oxE2zh2ld7OgV2B-lv9kQ2q7YPMYHrMxUU-9oogOJlKMddJZd5owd9HeF6=w2048-h1536-k-no,,,11.1783904,119.3917631,"https://www.google.com/maps/place/Pugad+Hostel,+El+Nido+Palawan/data=!4m11!3m10!1s0x33b655e2ae8636ab:0xd348567538f661ef!5m3!1s2026-10-31!4m1!1i2!8m2!3d11.1783904!4d119.3917631!16s%2Fg%2F11xgrq8qbp!19sChIJqzaGruJVtjMR72H2OHVWSNM?authuser=0&hl=en&rclk=1"
SIP Sunset Hostel and Lounge,4.0,(93),09087141456,https://wa.me/09087141456,,https://www.facebook.com/profile.php,,"Taytay - El Nido National Hwy, Corong-corong Pob. (Barangay 4), El Nido, 5313 Palawan",https://sipsunsethostelandlounge.com/,https://lh3.googleusercontent.com/gps-cs-s/APNQkAGm7_CBq7My1LRCjf-8KfxINwBOrJs6iVBV5axefioPA_Bd0HaOxSs1WvtU1Y3HAr2zWpsY8Ue9IwQF8wwmaMci4NLi9kIfR5UQlFfy0t3gsx5R-fPcZ9qsYdEPiTJvwc8aLgE=w2048-h1536-k-no,"Free Wi-Fi, Breakfast, Air-conditioned, Pool, Fitness center, Free parking, Airport shuttle, Pet-friendly, Smoke-free, Restaurant, Bar, Laundry service, Laundry, Accessible",,11.1676625,119.3963986,https://www.google.com/maps/place/SIP+Sunset+Hostel+and+Lounge/data=!4m11!3m10!1s0x33b655e5807ea845:0xdcc680f1916bb91!5m3!1s2026-10-31!4m1!1i2!8m2!3d11.1676625!4d119.3963986!16s%2Fg%2F11y4ncpbsy!19sChIJRah-gOVVtjMRkbsWGQ9ozA0?authuser=0&hl=en&rclk=1
OIA Beach Hostel - El Nido,4.5,(128),09061604582,https://wa.me/09061604582,,https://www.facebook.com/profile.php,,"431-B-1 barangay masagana, El Nido, 5313 Palawan",https://book-directonline.com/properties/oiahostel,https://lh3.googleusercontent.com/gps-cs-s/APNQkAFDM4UhU3tQpU6ky1gGkDagyfrU1YnPnRcAu519C49RFNn2PxhDypt2dWtuavXEQZtMf13wZGPJu76h-Nl24BMlkkCQmVsqIerDzf3bGbheHT2OBpM5eR9U9mm-H_KAULS_A9fU=w2048-h1536-k-no,"Free Wi-Fi, Free breakfast, Air-conditioned, Pool, Fitness center, Free parking, Beach access",,11.1885798,119.3952633,https://www.google.com/maps/place/OIA+Beach+Hostel+-+El+Nido/data=!4m11!3m10!1s0x33b65558119d00f3:0x7cc3f26ec2b45414!5m3!1s2026-10-31!4m1!1i2!8m2!3d11.1885798!4d119.3952633!16s%2Fg%2F11l6z9245_!19sChIJ8wCdEVhVtjMRFFS0wm7yw3w?authuser=0&hl=en&rclk=1
Big Paul Hostel - El Nido,4.0,(95),09398810672,https://wa.me/09398810672,,https://www.facebook.com/people,,"Corong-Corong, El Nido, 5313 Palawan",,https://lh3.googleusercontent.com/gps-cs-s/APNQkAFsEIb5pCcsAByRpZaFrKlwnDOTmkwGYkp_6TnMY-PGO3QFGQPFuITaPkA29wyn-Uvj5cvp-bbxqgXSTCDz5a-KX4Ch40mjSBHRWs7awKmLn6DqXNfTZMU4r6Fan6k_bxadtAWx43efwbdD=w2048-h1536-k-no,"Wi-Fi, Breakfast, Air-conditioned, Pool, Fitness center, Restaurant, Beach access, Kid-friendly",,11.1637983,119.3984391,https://www.google.com/maps/place/Big+Paul+Hostel+-+El+Nido/data=!4m11!3m10!1s0x33b65575b2349851:0xfb4c6e3f2385229f!5m3!1s2026-10-31!4m1!1i2!8m2!3d11.1637983!4d119.3984391!16s%2Fg%2F11f4pkccfx!19sChIJUZg0snVVtjMRnyKFIz9uTPs?authuser=0&hl=en&rclk=1
Maya Hostel El Nido,3.7,(124),,,,https://www.facebook.com/mayahostelelnido,,"Barangay Corong Corong, El Nido, 5313 Palawan",https://www.facebook.com/mayahostelelnido,https://lh3.googleusercontent.com/gps-cs-s/APNQkAHBJLLS5HOM6rkcpqHEC8FmXGr4wc8LkXTT_4byIRNJtA1D59iV9T2_iSaKUSO_MnZAAJRlYep6oD-3nXnvVXwZH1M67ZEIfeKLoQ8m0-ygW49C8Nm30xvbGoCYVg2PV48dTMHwInAP2Zc=w2048-h1536-k-no,"Wi-Fi, Breakfast, Air-conditioned, Pool, Fitness center, Parking, Bar, Crib, Accessible",,11.1674952,119.3971402,https://www.google.com/maps/place/Maya+Hostel+El+Nido/data=!4m11!3m10!1s0x33b655dfcd24fce1:0x3cdf3820b18ba59c!5m3!1s2026-10-31!4m1!1i2!8m2!3d11.1674952!4d119.3971402!16s%2Fg%2F11whdlljlq!19sChIJ4fwkzd9VtjMRnKWLsSA43zw?authuser=0&hl=en&rclk=1
Happy Monkey Hostel Bar & cafe,4.8,(16),,,https://www.instagram.com/happymonkeyhostel,https://www.facebook.com/61572927012383,,"Sitio landing Lio, Centro, Villa Libertad, El Nido, Palawan",,https://lh3.googleusercontent.com/gps-cs-s/APNQkAHZjU0kHkOccTZ1F5jXIOTvmPSfJw49YrksD61KEEIjXoPa0jvr1FmacECt0Ql7WpWwbA-fTVyF9SBT9XoTuXGrUl85jtqUrpVAaCbE1JLNGOZ1xPjNCYdG8kJXVnxph00vhPs=w2048-h1536-k-no,Bar,,11.1972041,119.4210773,https://www.google.com/maps/place/Happy+Monkey+Hostel+Bar+%26+cafe/data=!4m11!3m10!1s0x33b6ff7a171208c1:0xfd26835cfc3eb86!5m3!1s2026-10-31!4m1!1i2!8m2!3d11.1972041!4d119.4210773!16s%2Fg%2F11w8dbqk43!19sChIJwQgSF3r_tjMRhuvDzzVo0g8?authuser=0&hl=en&rclk=1
Spin Designer Hostel,4.5,(637),09176257846,https://wa.me/09176257846,https://www.instagram.com/spinhostelph/,https://www.facebook.com/spinhostel/,,"Balinsasayaw Road, cor Calle Real, El Nido, 5313 Palawan",https://www.spinhostel.com/,https://lh3.googleusercontent.com/gps-cs-s/APNQkAFG81-05BRU-nrkMFcgV2CHHww5655ykOgvSw4yhBEFv0ugZjmySvB-HC6fhUhV-R1IRyDXijWyBmE2jwX3hVH5DZaZniqXNrv-ao2uJyDuRi49Sbw2RkS8r7VSn9TgWPFrgTk=w2048-h1536-k-no,"Free Wi-Fi, Free breakfast, Air-conditioned, Pool, Fitness center, Free parking, Airport shuttle, Pet-friendly, Restaurant, Bar, Kid-friendly, Accessible",,11.1802154,119.3927521,https://www.google.com/maps/place/Spin+Designer+Hostel/data=!4m11!3m10!1s0x33b655156dd12a7b:0xb6f5849a1c23d89!5m3!1s2026-10-31!4m1!1i2!8m2!3d11.1802154!4d119.3927521!16s%2Fg%2F11bw1zxqml!19sChIJeyrRbRVVtjMRiT3CoUlYbws?authuser=0&hl=en&rclk=1
Mayad El Nido Hostel-Family Unit,4.7,(12),09707282112,https://wa.me/09707282112,https://www.instagram.com/mayahostelelnido,https://www.facebook.com/61559670555813,,"59GR+8G9, Balinsasayaw Rd, El Nido, Palawan",,https://lh3.googleusercontent.com/gps-cs-s/APNQkAH3xll8vgazfqVPrwN-Z5qmoF-CuGKTos_WNWjdc3L1DoowwNzcgeUH1R5aWUe18WBzWHm61FvehHyFvkK7QkZrb-gAppz-r3-jynJZ7DMfp5EPN_hvjSQYGSEVzF5r3bVcZ63hxLW4PrS1=w2048-h1536-k-no,Free Wi-Fi,,11.1757926,119.3913611,https://www.google.com/maps/place/Mayad+El+Nido+Hostel-Family+Unit/data=!4m11!3m10!1s0x33b655003a9c3b7d:0x9c52401411fd5e01!5m3!1s2026-10-31!4m1!1i2!8m2!3d11.1757926!4d119.3913611!16s%2Fg%2F11y4xgj0z7!19sChIJfTucOgBVtjMRAV79ERRAUpw?authuser=0&hl=en&rclk=1
Aliyah's Hostel,4.1,(11),09566498468,https://wa.me/09566498468,,,,"59HQ+VMC, San Joaquin St, Buena Suerte Pob. (Barangay 2), El Nido, 5313 Palawan",,https://streetviewpixels-pa.googleapis.com/v1/thumbnail?panoid=gk9e_yzRcaEXmGoEI3SrgQ&cb_client=search.gws-prod.gps&w=80&h=92&yaw=4.6245284&pitch=0&thumbfov=100,"Free Wi-Fi, Breakfast, Pool, Fitness center, Kid-friendly",,11.1796864,119.3891314,https://www.google.com/maps/place/Aliyah%27s+Hostel/data=!4m11!3m10!1s0x33b655b16276488b:0xf69e0010bc31609f!5m3!1s2026-10-31!4m1!1i2!8m2!3d11.1796864!4d119.3891314!16s%2Fg%2F11gy4kzypv!19sChIJi0h2YrFVtjMRn2AxvBAAnvY?authuser=0&hl=en&rclk=1
Pukka Hostel El Nido,3.9,(26),09958772110,https://wa.me/09958772110,,,,"Sitio Lugadia, Corong-corong Pob. (Barangay 4), El Nido, 5313 Palawan",,https://lh3.googleusercontent.com/gps-cs-s/APNQkAHOyalcmhREdKXo3Nb-tdPRJ8DhdkBwksSk6sNCqIIduVAVrqQzr9LjfbwlhcQXNQTb6lN8UXzl2xsND6ZtkfYrZog_A6PMI0IbuyvlzQJaHvScCAiuv6DDcAUXfm6N7r1kie43=w2048-h1536-k-no,Free Wi-Fi,,11.1570606,119.399407,https://www.google.com/maps/place/Pukka+Hostel+El+Nido/data=!4m11!3m10!1s0x33b655d0d5ec949f:0xcf4889ae0a84d29f!5m3!1s2026-10-31!4m1!1i2!8m2!3d11.1570606!4d119.399407!16s%2Fg%2F11v0rw545v!19sChIJn5Ts1dBVtjMRn9KECq6JSM8?authuser=0&hl=en&rclk=1
ZEN Hostel OMP El Nido,3.8,(90),09064127861,https://wa.me/09064127861,,https://www.facebook.com/ourmeltingpotelnido,,"59JR+75H, Real St, Buena Suerte Pob. (Barangay 2), El Nido, Palawan",https://www.facebook.com/ourmeltingpotelnido/,https://lh3.googleusercontent.com/gps-cs-s/APNQkAH02NfrRzNzv-g2Watf4juTALda9D4C9aPJOzrVF4z1Dk90o7VNvpDza9N8_-VCx1_Q4Emu13x-eN-Fm2cy6X_MgiobQMPPOKdPwRRJDIMCVpq_1JfPnfmRe2A4CJveNhPAvnmI=w2048-h1536-k-no,"Free Wi-Fi, Breakfast, Air-conditioned, Pool, Fitness center, Beach access, Kid-friendly",,11.1806786,119.3904887,https://www.google.com/maps/place/ZEN+Hostel+OMP+El+Nido/data=!4m11!3m10!1s0x33b65515c5b37f0d:0xd9518b5d32bb5be1!5m3!1s2026-10-31!4m1!1i2!8m2!3d11.1806786!4d119.3904887!16s%2Fg%2F11cr_7ld67!19sChIJDX-zxRVVtjMR4Vu7Ml2LUdk?authuser=0&hl=en&rclk=1
Pawikan Hostel El Nido,4.5,(83),09434385397,https://wa.me/09434385397,https://www.instagram.com/pawikanhostel,https://www.facebook.com/pawikanhostel.elnido,,"119 San Joaquin Street, Puting Bato, Buena Suerte, Zone 2, El Nido, 5313 Palawan",,https://lh3.googleusercontent.com/gps-cs-s/APNQkAFXu2Bqx9VT-sFvMf4z2upkp-08d8hWJe72iZCoTl6LFsqzNonji9Y_9VyBDPY8VPyc18JJQ6JjKG5tAHwUmRQjwpeuUYqogjbel76Cq9c5cpcWbUr96AUiKVFZOwZrwOW3ebsJ=w2048-h1536-k-no,"Free Wi-Fi, Air-conditioned, Pool, Fitness center, Free parking, Airport shuttle, Pet-friendly, Beach access, Kid-friendly",,11.1793845,119.3870202,https://www.google.com/maps/place/Pawikan+Hostel+El+Nido/data=!4m11!3m10!1s0x33b65516f4909775:0xf310625a23a12619!5m3!1s2026-10-31!4m1!1i2!8m2!3d11.1793845!4d119.3870202!16s%2Fg%2F11c3x2fq5_!19sChIJdZeQ9BZVtjMRGSahI1piEPM?authuser=0&hl=en&rclk=1
Kings Landing Hostel,4.3,(42),09176288481,https://wa.me/09176288481,,https://m.facebook.com/elnidohostel,,"59HP+PX8, San Joaquin St, Buena Suerte Pob. (Barangay 2), El Nido, 5313 Palawan",https://m.facebook.com/elnidohostel/,https://lh3.googleusercontent.com/gps-cs-s/APNQkAF7G9iajleROJ5SNgTu7X1mwrN12vvnY1PuJw3px-p1h1hZe41rODJS2FBfpmER_-6TdpVBKUbsZ0zIVymuZ5rvzWkaG3fGCP8IenEt3dsm3GTwEzxSv1F-ZXvSjvEOMiVtHr8i=w2048-h1536-k-no,"Free Wi-Fi, Air-conditioned, Pool, Fitness center, Free parking, Airport shuttle, Pet-friendly, Restaurant, Laundry service, Laundry, Beach access, Kid-friendly",,11.1792961,119.3874653,https://www.google.com/maps/place/Kings+Landing+Hostel/data=!4m11!3m10!1s0x33b655150df72813:0x6ffb5aef8f0727a1!5m3!1s2026-10-31!4m1!1i2!8m2!3d11.1792961!4d119.3874653!16s%2Fg%2F11f124cf0g!19sChIJEyj3DRVVtjMRoScHj-9a-28?authuser=0&hl=en&rclk=1
"Bed, Bunks, and Beyond Hostel El Nido",4.0,(6),09055523346,https://wa.me/09055523346,,https://www.facebook.com/BBBelnido,,"Cabigsing Beach, Buena Suerte Pob. (Barangay 2), El Nido, Palawan",https://www.facebook.com/BBBelnido/,https://lh3.googleusercontent.com/gps-cs-s/APNQkAFtXd-CONAzZrTtQnFg7i1LzNzxy_hAAbqTB9mOUcc-0VSDLGCJByun55TcpgilIjfmkq8GFoNSt9y8_XNBEb77GlyvSL27ZiHXbZBJaxvQ4IHUpTZq7RSS1L02Ko1o8gMQccc=w2048-h1536-k-no,"Free Wi-Fi, Free breakfast, Pool, Fitness center, Pet-friendly, Restaurant, Beach access",,11.1800507,119.3849696,"https://www.google.com/maps/place/Bed,+Bunks,+and+Beyond+Hostel+El+Nido/data=!4m11!3m10!1s0x33b655dd94927499:0x5bf4ddf2e667d97b!5m3!1s2026-10-31!4m1!1i2!8m2!3d11.1800507!4d119.3849696!16s%2Fg%2F11h49kz36y!19sChIJmXSSlN1VtjMRe9ln5vLd9Fs?authuser=0&hl=en&rclk=1"
Corner Crib El Nido Hostel,4.3,(63),,,,https://www.facebook.com/61583002011346,,"8 Maligaya, Pob. 1, El Nido, 5313 Palawan",https://us2.cloudbeds.com/reservation/8Iq6RQ,https://lh3.googleusercontent.com/gps-cs-s/APNQkAFl3RUQPv7yCblswbUfAx2-13G3EknpVLrONllo7szeXJKXaMHdBz5V_HfUyUfomVp9pYlEP2XiY9ddyxz-OpgF2csZZQTwm2eQTha7xyWvxKkJzo7ZN9TIjUDtH5grHd_3KJWbLlAI-Do=w2048-h1536-k-no,"Free Wi-Fi, Breakfast, Air-conditioned, Pool, Fitness center, Parking, Airport shuttle, Pet-friendly, Restaurant, Bar, Crib, Accessible",,11.1726244,119.3947322,https://www.google.com/maps/place/Corner+Crib+El+Nido+Hostel/data=!4m11!3m10!1s0x33b6554ffe90fa35:0x2dc63d4d8e3e5d34!5m3!1s2026-10-31!4m1!1i2!8m2!3d11.1726244!4d119.3947322!16s%2Fg%2F11y7mdl674!19sChIJNfqQ_k9VtjMRNF0-jk09xi0?authuser=0&hl=en&rclk=1
